{
  "trained_at": "2026-04-16T16:30:20.764099+00:00",
  "base_model": "ProsusAI/finbert",
  "model_output_dir": "/Users/yuvrajgole/Documents/Sem 6 Project/backend/app/ml/model",
  "dataset": {
    "rows_after_profit_oversample": 6725,
    "label_counts": {
      "profit": 2696,
      "expense": 1401,
      "revenue": 1339,
      "other": 1289
    },
    "train_rows": 5380,
    "val_rows": 1345,
    "data_shards": [
      "financial_dataset.csv",
      "financial_dataset_extended.csv",
      "financial_dataset_bulk.csv"
    ]
  },
  "train_summary_metrics": {
    "train_runtime": 328.7075,
    "train_samples_per_second": 163.671,
    "train_steps_per_second": 20.474,
    "total_flos": 445128176569440.0,
    "train_loss": 0.01727204384868682,
    "epoch": 7.0
  },
  "validation": {
    "accuracy": 0.9985130111524163,
    "precision_weighted": 0.9985170338815711,
    "recall_weighted": 0.9985130111524163,
    "f1_weighted": 0.9985112337094979,
    "precision_macro": 0.9986473573217345,
    "recall_macro": 0.9981343283582089,
    "f1_macro": 0.9983863415985825,
    "per_class": {
      "revenue": {
        "precision": 1.0,
        "recall": 0.9925373134328358,
        "f1-score": 0.9962546816479401,
        "support": 268.0
      },
      "expense": {
        "precision": 0.99644128113879,
        "recall": 1.0,
        "f1-score": 0.9982174688057041,
        "support": 280.0
      },
      "profit": {
        "precision": 0.9981481481481481,
        "recall": 1.0,
        "f1-score": 0.9990732159406858,
        "support": 539.0
      },
      "other": {
        "precision": 1.0,
        "recall": 1.0,
        "f1-score": 1.0,
        "support": 258.0
      },
      "accuracy": 0.9985130111524163,
      "macro avg": {
        "precision": 0.9986473573217345,
        "recall": 0.9981343283582089,
        "f1-score": 0.9983863415985825,
        "support": 1345.0
      },
      "weighted avg": {
        "precision": 0.9985170338815711,
        "recall": 0.9985130111524163,
        "f1-score": 0.9985112337094979,
        "support": 1345.0
      }
    }
  },
  "training_args": {
    "max_epochs": 10,
    "per_device_train_batch_size": 8,
    "early_stopping_patience": 2
  }
}